system,number_density,atom_types,unitcell_alpha,unitcell_beta,unitcell_gamma,unitcell_a,unitcell_b,unitcell_c,density,mean_coordination,packing_fraction,reduced_mass,average_mass,largest_pore_radius,bond_types,mean_bond_length,bond_variance,bond_std,bond_strain,electronegativity,effective_electronegativity,types_of_bond_angle,symmetry_number,pointgroup,mean_bond_angle,angle_variance,std_angle,types_puckering,max_puckering,mean_puckering,bond_density,energy,num_layers,layer_width,z_variance,spin_orbit_coupling,oxidation,entropy,linear_centre_fraction,alpha_max,alpha_max_temperature,alpha_300,saruration
MoSe2,0.0315,2,90,90,60,3.3174,3.3174,10,2.6651,4.97297297297297,0.3124,83.9557,84.6667,1.7869,2,2.7731,0.1276,0.3572,-0.0281,0.629,3.07,8,12,-6m2,93,913.2718,30.2204,3,0.9918,0.5835,0.0780638139088698,-20.74203462,1,3.3326088,1.851,3111696,6,5.29197879520307,0,-0.12920468,10,19.879219456,20
blue-P,0.0217,1,90,90,120,3.2621,3.2621,10,0.6728,2.71428571428571,0.1114,31,31,1.7724,1,2.2531,0,0,0.0529,0,3.16,1,4,2/m,93,0,0,2,0.9987,0.5043,0.0289370380076332,-10.91371144,1,1.2367894,0.3824,50625,0,0,0,-10.253349528,60,8.648487058,180
c63,0.0347,1,90,90,60,6.3156,6.3156,10,0.4169,2.73913043478261,0.0639,12,12,1.4312,2,1.41,0.0002,0.0157,-0.0724,0,3.15,3,12,6/m,111,1267.8852,35.6074,1,0.0032,0.0016,0.0463188812017254,-105.05361043,1,0,0,1296,0,0,0,-7.452979463,220,-6.978796393,1000
twin-graphene,0.0551,1,90,90,120,6.1417,6.1417,10,0.6612,2.64705882352941,0.1013,12,12,1.8834,3,1.4687,0.0052,0.072,-0.0337,0,3.15,4,24,6/mmm,116,113.0138,10.6308,2,0.9145,0.5704,0.0704079506746088,-151.68843503,1,2.35754568,0.9263,1296,0,0,0,-1.700107181,790,8.271275877,10
alpha-α-C2As2,0.0482,2,90,90,60,3.0968,3.0968,10,2.0951,3,0.2143,20.6897,43.5,1.5871,2,1.9483,0.0351,0.1875,0.0361,0,3.15,2,12,-6m2,104,68.2639,8.2622,2,0.9814,0.5898,0.0722436885490747,-25.83161644,1,3.4610994,1.7897,1185921,0,5.76282565917539,0,-0.58262686,30,11.851635827,50
gamma-Gy,0.0292,1,90,90,120,6.8847,6.8846,10,0.3508,2.234375,0.0538,12,12,4.3691,2,1.3747,0.0061,0.0782,-0.0956,0,3.15,2,24,6/mmm,143,847.3865,29.1099,1,0.0032,0.0015,0.0316715003909449,-103.52169185,2,0,0,1296,0,0,0.0138888888888889,-10.25283778,160,-8.158892077,690
H5,0.0366,1,90,90,90,11.1269,4.9144,10,0.4389,2.77083333333333,0.0673,12,12,1.6289,1,1.4278,0.0001,0.0094,-0.0607,0,3.15,5,16,mmm,121,115.0573,10.7265,1,0.0032,0.0015,0.0484618722223974,-181.47438923,1,0,0,1296,0,0,0,-1.442154879,100,0.591688787,270
PBN,0.0285,3,90,90,90,4.5556,4.6147,10,0.5327,2.7037037037037,0.0876,15.4166,18.6667,1.2669,4,1.7786,0.0339,0.1842,-0.0102,0.3178,3.2533,4,4,mm2,118,726.343,26.9508,1,0.0032,0.0016,0.0385820340527108,-39.47081598,1,0,0,50625,3,9.13386256798666,0,-3.744052032,70,9.206854428,160
chi3_borophene,0.0327,1,90,90,90,8.4375,2.8969,10,0.36,4.05882352941176,0.0842,11,11,1.4906,2,1.6804,0.0007,0.0271,-0.0115,0,3.04,4,16,mmm,111,1493.5996,38.6471,1,0.0032,0.0015,0.0640961646878451,-50.99270084,1,0,0,625,0,0,0.0138888888888889,-14.189722567,180,-11.393995155,1000
AsGY-REC,0.0213,2,90,90,90,7.4225,12.6486,10,0.5241,2.32352941176471,0.0614,14.4231,24.6,2.2449,4,1.5333,0.0688,0.2623,-0.0792,0,3.15,5,8,2/m,136,782.0565,27.9653,1,0.0032,0.0018,0.0234331665008508,-151.3135232,1,0,0,1185921,0,4.16034574929649,0,-12.483675038,30,2.154784967,230
GaSb,0.0118,2,90,90,60,4.4309,4.4309,10,1.1293,2.71428571428571,0.1109,88.9583,96,2.3852,1,2.5582,0,0,-0.0199,0.62,2.74,1,12,-6m2,120,0,0,1,0.0032,0.0016,0.0156840983107475,-6.66912891,1,0,0,6765201,3,5.76282565917539,0,-6.532701067,20,23.490094493,50
GaS,0.0167,2,90,90,90,6.429,3.7205,10,0.8529,2.8,0.1041,43.9216,51,2.0819,1,2.4004,0,0.0008,0.0574,1.01,2.935,1,4,m,101,0.0082,0.0904,2,0.9692,0.4978,0.0211650778064816,-14.92665111,1,1.07664131,0.2898,923521,3,5.76282565917539,0,0,0,95.003448399,10
C3N5,0.0151,2,90,90,60,15.1301,15.1309,10.6942,0.2,2.375,0.0245,13.1765,13.25,6.4602,4,1.3615,0.0025,0.0502,-0.0722,0.3884,3.4063,3,2,m,119,22.3206,4.7245,1,0.0032,0.0016,0.0191676735588845,-265.36695898,1,0,0,2401,3,5.50023676204546,0,-4.982,60,12.94,290
c10N3,0.0312,2,90,90,60,6.9384,6.9384,10,0.3886,2.31372549019608,0.0549,12.4091,12.4615,1.8767,4,1.4071,0.0144,0.1201,-0.0625,0.1668,3.2446,6,2,m,126,376.1098,19.3935,1,0.0032,0.0015,0.0353790654022454,-110.26690183,2,0,0,2401,1,4.49125723982099,0,-0.82330884,40,7.382992371,90
InP,0.0128,2,90,90,60,4.2515,4.2515,10,0.9327,2.71428571428571,0.1094,48.8356,73,2.3088,1,2.4546,0,0,-0.0142,0.87,2.725,1,12,-6m2,120,0,0,1,0.0032,0.0016,0.0170356853453587,-7.63388188,1,0,0,5764801,3,5.76282565917539,0,0,0,43.276074272,10
14.14.18-GY,0.0212,1,90,90,90,9.5188,6.9324,10,0.2546,2.11111111111111,0.039,12,12,3.2648,3,1.3498,0.0056,0.075,-0.112,0,3.15,2,8,mmm,152,900.1664,30.0028,1,0.0032,0.0016,0.0219737136565164,-117.19715962,1,0,0,1296,0,0,0.0178571428571429,-13.508349476,190,-12.084125746,930
5,0.0358,1,90,90,120,9.841,9.841,10,0.4292,2.5593220338983,0.0658,12,12,5.2819,4,1.4129,0.001,0.0311,-0.0704,0,3.15,1,8,mmm,121,3.9044,1.976,1,0.0032,0.0017,0.0453071324794114,-263.26188691,1,0,0,1296,0,0,0,-5.902648406,90,-0.878870126,330
germanene,0.0143,1,90,90,120,4.0156,4.0156,10,1.0455,2.71428571428571,0.1037,73,73,2.2933,1,2.4231,0,0,0.0096,0,2.79,1,12,-3m,112,0,0,2,0.8033,0.4059,0.019096180488888,-7.77113559,1,0.704482880000004,0.1241,1048576,0,0,0,-5.614048645,20,72.107213498,40
beta-β-C2Bi2,0.0349,2,90,90,60,3.6374,3.6374,10,3.8575,5,0.2691,22.6968,110.5,1.1496,3,2.8221,0.567,0.753,0.1233,0.2166,2.92,7,12,-3m,100,1081.5019,32.8862,3,1,0.4921,0.0845469613331471,-23.15116997,1,3.71404708,1.9873,47458321,3,5.76282565917539,0,0,0,24.230383172,10
C3N,0.0382,2,90,90,60,4.9183,4.9183,10,0.4773,2.71428571428571,0.067,12.4444,12.5,1.355,2,1.4172,0.0004,0.0204,-0.05,0.2306,3.2525,1,24,6/mmm,120,0.005,0.0707,1,0.0032,0.0016,0.0509169039424422,-70.6225794,1,0,0,2401,1,4.67525439236077,0,-8.827,250,-7.442,1000
ICuTe2,0.0183,3,90,90,90,8.5187,10,5.1303,2.0456,2.875,0.1963,102.239,111.75,1.7909,4,2.6546,0.0108,0.104,-0.0258,0.1996,3.085,3,4,222,104,37.1326,6.0937,2,0.9999,0.6501,0.0238982996686085,-25.53621394,1,14.57168729,1.4046,7890481,4,8.64423848876308,0,0,0,53.220107237,10
9,0.0366,1,90,90,90,9.9236,9.9236,10,0.4387,2.72222222222222,0.0672,12,12,1.6472,4,1.4361,0.0016,0.04,-0.0552,0,3.15,8,8,4/m,117,178.634,13.3654,1,0.0032,0.0016,0.0497574509317596,-322.91875925,1,0,0,1296,0,0,0,-3.094466861,80,0.029910025,300
14.14.14-GY,0.0249,1,90,90,90,6.9785,6.9066,10,0.2988,2.15625,0.0458,12,12,2.3279,3,1.3738,0.0051,0.0713,-0.0962,0,3.15,2,8,mmm,143,847.4452,29.1109,1,0.0032,0.0016,0.0257725158563127,-101.22465118,1,0,0,1296,0,0,0.0138888888888889,-8.23010097,220,-7.673979894,800
ZW-21,0.0364,1,90,90,90,7.411,7.411,10,0.437,2.7,0.067,12,12,1.822,3,1.4343,0.0012,0.0352,-0.0564,0,3.15,5,4,2/m,121,142.6774,11.9448,1,0.0032,0.0015,0.0491595237975612,-181.51851207,1,0,0,1296,0,0,0,-6.907043498,170,-5.763027128,710
c14n12,0.0217,2,90,90,120,11.7685,11.7685,10,0.2801,2.46153846153846,0.0365,12.8471,12.9231,4.7369,3,1.3666,0.0022,0.0465,-0.0784,0.3075,3.3392,3,24,6/mmm,120,14.1569,3.7626,1,0.0032,0.0015,0.026679607490842,-221.31423474,1,0,0,2401,2,5.73820371042034,0,-6.432005225,30,1.011030289,270
GaSe,0.0156,2,90,90,90,6.6488,3.8538,10,1.163,2.8,0.1159,74.2282,74.5,2.0153,1,2.518,0,0.0011,0.0405,0.94,2.9,1,4,m,100,0.0329,0.1814,2,0.9801,0.5034,0.0197574796726125,-13.60651469,1,1.18726559,0.3524,1336336,3,5.76282565917539,0,0,0,102.489768195,10
AlGY-REC,0.0162,2,90,90,90,11.0965,7.7899,10,0.2291,2.15384615384615,0.0427,13.0345,14.1429,3.7798,3,1.5502,0.0898,0.2996,-0.0981,0.2607,3.06,2,1,1,156,873.2672,29.5511,1,0.0032,0.0013,0.0167745193465114,-106.53284414,1,0.000246121277253764,0,28561,3,3.40970707024983,0,0,0,8.755581568,10
C4N-1,0.0507,2,90,90,120,4.7736,4.7736,10.0035,0.6281,3.77272727272727,0.0897,12.3529,12.4,1.3207,3,1.5738,0.0091,0.0954,0.051,0.1757,3.232,5,12,6mm,89,497.0532,22.2947,4,0.9847,0.6075,0.0945580565210615,-80.03639196,1,1.83512761659447,0.3368,2401,1,4.16034574929649,0,0,0,9.898683501,10
AlN,0.0239,2,90,90,119,3.0931,3.0737,10,0.4907,2.71428571428571,0.1068,18.439,20.5,2.8423,1,1.7936,0,0.0038,-0.0658,1.04,3.04,2,2,m,119,1.482,1.2174,1,0.0032,0.0016,0.0319141953258182,-14.04331529,1,0,0,28561,3,5.76282565917539,0,-12.001238026,100,-4.076481398,450
B2_P,0.024,1,98,92,98,3.5803,5.9378,10,0.7446,2.26086956521739,0.1233,31,31,1.7213,5,2.2369,0.0171,0.1309,0.0453,0,3.16,3,1,1,102,25.9968,5.0987,3,0.9999,0.6341,0.0264224289697523,-25.58178634,4,2.97532961,1.2314,50625,0,0,0,-1.442849352,20,43.776588835,50
7,0.0353,1,90,90,120,7.2333,7.2333,10,0.4237,2.77777777777778,0.0649,12,12,3.8666,4,1.4372,0.0034,0.0581,-0.0545,0,3.15,6,12,-6m2,120,640.2218,25.3026,1,0.0032,0.0016,0.0485532327930557,-137.24887575,1,0,0,1296,0,0,0,-2.543907537,40,3.275349768,190
H1,0.0368,1,90,90,120,7.081,7.081,10,0.4422,2.58064516129032,0.0678,12,12,1.562,3,1.4268,0.0013,0.0365,-0.0613,0,3.15,6,12,-6m2,120,94.4079,9.7164,1,0.0032,0.0016,0.0466344656161026,-144.71009456,2,0,0,1296,0,0,0,-8.045202196,130,-5.638860785,590
theta_P,0.0224,1,90,90,82,4.9367,5.4704,10,0.6955,2.55555555555556,0.1151,31,31,1.61,3,2.2554,0.001,0.0318,0.0539,0,3.16,7,1,1,101,277.5782,16.6607,2,0.9997,0.5829,0.0286663769186238,-31.41331458,1,2.25549896,0.7115,50625,0,0,0,-0.693828004,20,32.179369117,30
graphene,0.0379,1,90,90,120,2.4683,2.4683,10,0.4549,2.625,0.0697,12,12,1.4527,1,1.423,0,0,-0.0638,0,3.15,1,24,6/mmm,120,0,0,1,0.0032,0.0016,0.0476763286400818,-18.55712558,1,0,0,1296,0,0,0,-7.06620967,190,-6.153219522,800
19,0.0357,1,90,90,107,3.8243,3.8243,10,0.4287,2.25,0.0657,12,12,1.1276,4,1.4319,0.0041,0.0643,-0.058,0,3.15,6,4,mm2,122,251.7506,15.8667,1,0.0032,0.0016,0.0399521212428985,-40.94860489,3,0,0,1296,0,0,0,0,0,31.493823284,10
beta-β-Si2P2,0.0371,2,90,90,60,3.53,3.53,10,1.0935,2.86885245901639,0.2013,29.4237,29.5,1.1199,2,2.2792,0.0004,0.0205,0.042,0.2789,2.99,2,12,-3m,106,38.6648,6.2181,2,0.9643,0.6093,0.0515459628930854,-22.90878173,2,2.16016128,3.0076,50625,3,5.76282565917539,0,-4.83065129,80,5.887205691,180
2,0.0371,1,90,90,120,8.2723,8.2722,10,0.4455,2.70454545454545,0.0683,12,12,4.3445,5,1.4338,0.0029,0.0535,-0.0567,0,3.15,5,12,-6m2,119,115.2238,10.7342,1,0.0032,0.0016,0.0502005964790687,-197.38610969,1,0,0,1296,0,0,0,-0.124180758,30,3.962218891,60
6.6.12-Gy,0.0277,1,90,90,90,9.4284,6.8974,10,0.3321,2.25714285714286,0.0509,12,12,2.1964,2,1.3631,0.0065,0.0806,-0.1032,0,3.15,2,8,mmm,147,896.0178,29.9336,1,0.0032,0.0015,0.0307548280055823,-154.00798685,1,0,0,1296,0,0,0.0138888888888889,-13.033225294,210,-12.173639178,1000
DHPP-S,0.0158,1,90,90,120,9.3692,9.3693,10,0.4884,2.83333333333333,0.0808,31,31,3.5384,1,2.256,0.0007,0.0256,0.0542,0,3.16,7,1,1,86,347.0076,18.6281,2,1,0.6106,0.0223198135874197,-63.47280692,1,1.62842639,0.4555,50625,0,0,0,-11.066998807,50,11.261441003,150
beta12_borophene,0.0338,1,90,90,90,2.9087,10,5.0919,0.3714,4.4,0.0868,11,11,1.6346,3,1.6997,0.0009,0.0303,-0.0002,0,3.04,3,8,mmm,126,1654.6425,40.6773,1,0.0032,0.0015,0.0725829837310909,-31.81559437,1,18.7059297909816,0,625,0,0,0,-17.15948154,150,-12.862454454,1000
1,0.036,1,90,90,120,9.8156,9.8156,10,0.4315,2.69491525423729,0.0661,12,12,5.0312,4,1.4291,0.0008,0.0283,-0.0598,0,3.15,4,24,6/mmm,125,157.7533,12.56,1,0.0032,0.0016,0.0479397608685294,-271.46039841,1,0,0,1296,0,0,0,-5.364964023,130,-3.359115279,490
arsenene,0.0232,1,90,90,90,4.6743,3.6878,10,1.7403,2.67741935483871,0.1638,75,75,1.7513,2,2.4941,0.0001,0.0105,0.0479,0,3.15,2,8,mmm,98,6.6607,2.5808,3,0.9926,0.5734,0.0304557072147281,-19.36437255,1,2.39348146,1.4322,1185921,0,0,0,-6.286663257,30,25.552238952,70
c65,0.0352,1,90,90,120,5.7284,5.7284,10,0.4223,2.75280898876404,0.0647,12,12,3.3851,3,1.435,0.0024,0.049,-0.0559,0,3.15,5,12,-6m2,121,225.6839,15.0228,1,0.0032,0.0016,0.0480915920470042,-88.64424968,1,0,0,1296,0,0,0,-10.008343622,130,-6.977376485,730
C2P2,0.0265,2,90,90,60,2.9514,2.9514,10,0.57,2.71428571428571,0.0924,17.3023,21.5,1.5083,1,1.8089,0,0,-0.0115,0.01,3.155,1,6,3m,109,0,0,2,0.8687,0.4389,0.0353497455343104,-13.05236695,1,0.607152892305257,0.0922,50625,3,5.76282565917539,0,-12.456755776,140,-5.924855932,440
alpha-α-C2Sb2,0.04,2,90,90,60,3.3979,3.3979,10,2.6803,5.0625,0.2618,21.8507,67,1.7915,3,2.6434,0.4332,0.6582,0.1127,0.0494,3.1,7,12,-6m2,101,971.7673,31.1732,3,1,0.4978,0.10126200834867,-23.93138176,1,3.7076153,2.0111,6765201,3,5.76282565917539,0,0,0,21.63899538,10
C36N6,0.0139,2,90,90,120,18.6533,18.6533,10,0.1712,2.0952380952381,0.025,12.25,12.2857,3.8533,4,1.343,0.006,0.0776,-0.111,0.0745,3.2086,2,24,6/mmm,151,902.1808,30.0363,1,0.0032,0.0015,0.0146019434786207,-352.09157559,1,0,0,2401,1,3.40970707024983,0,-21.564926999,110,-13.418858067,1000
17,0.0344,1,90,90,103,3.8626,3.8626,10,0.4134,2.45569620253165,0.0633,12,12,1.2504,3,1.4496,0.0012,0.0353,-0.0463,0,3.15,6,4,mm2,108,362.6038,19.0422,1,0.0032,0.0015,0.04176627185605,-39.62121587,3,0,0,1296,0,0,0,-3.677068719,70,-1.310781817,390
PGD-REC,0.0181,2,90,90,90,8.9614,17.2616,10,0.2663,2.23809523809524,0.0418,13.1515,14.7143,3.1227,5,1.4351,0.0372,0.1928,-0.1016,0.0023,3.1514,5,4,m,148,1051.2499,32.423,1,0.0032,0.0017,0.0193939362770483,-221.74896211,1,0,0,50625,1,3.40970707024983,0,-3.777328262,20,7.347112292,80
alpha-α-Ge2P2,0.035,2,90,90,60,3.6309,3.6309,10,1.8218,3,0.2167,43.5192,52,1.9235,2,2.3749,0.0018,0.0426,0.0364,0.3083,2.975,2,12,-6m2,105,50.4067,7.0998,2,0.9729,0.5914,0.0525533511987992,-20.61396959,1,4.62009046,3.4309,1048576,3,5.76282565917539,0,-0.506840186,50,16.037630754,10
GaP,0.0151,2,90,90,60,3.9148,3.9148,10,0.761,2.71428571428571,0.096,42.9703,50.5,2.0887,1,2.2602,0,0,-0.013,0.73,2.795,1,12,-6m2,120,0,0,1,0.0032,0.0016,0.0200920491047652,-8.39743502,1,0,0,923521,3,5.76282565917539,0,-13.660406265,50,7.099066716,180
Ge2P2,0.0169,2,90,90,60,3.6948,3.6948,10,0.8797,2.71428571428571,0.1046,43.5192,52,1.9685,1,2.3654,0,0,0.042,0.37,2.975,1,2,m,103,0,0,2,0.9594,0.4845,0.0225573661265181,-9.41978172,1,1.02223927,0.2612,1048576,3,5.76282565917539,0,0,0,91.839843991,10
Pb2N2,0.0163,2,90,90,60,3.7628,3.7628,10,1.8023,2.71428571428571,0.1185,26.2262,110.5,1.977,1,2.2931,0,0,0.0567,0.94,3.09,1,2,m,110,0,0,2,0.8483,0.4286,0.021747591313009,-9.81756909,1,0.73405367,0.1347,45212176,3,5.76282565917539,0,-30.697247776,400,-29.454226793,1000
BCN-2,0.0365,3,90,90,90,15.1164,10,8.7037,0.45,2.63636363636364,0.0719,12.2115,12.3333,1.3037,3,1.4466,0.0026,0.0508,-0.0613,0.3452,3.25,1,4,2/m,120,2.8912,1.7004,1,0.0032,0.0016,0.047123578876913,-411.51294883,1,7.35719036009039,0,2401,3,9.13386256798666,0,0,0,8.714649517,10
BaP3,0.0223,2,90,90,71,6.1542,6.1542,10,1.2817,5.36111111111111,0.3178,38.4344,57.5,1.6626,7,3.0953,0.379,0.6157,0.0504,0.7502,2.875,13,4,2/m,104,986.9706,31.4161,1,1,0.583,0.0597513632305737,-42.9671783,1,3.52923107,1.4168,9834496,9,4.67525439236077,0,0,0,48.406479498,10
AlGY-HEX,0.0121,2,90,90,60,8.7298,8.7296,10,0.1909,2.08333333333333,0.0392,13.9355,15.75,4.1888,2,1.7157,0.0902,0.3004,-0.0772,0.4536,2.9925,2,1,1,152,894.6746,29.9111,0,0,0,0.0126270867909524,-56.03039168,1,6.32661731181372E-05,0,28561,3,4.67525439236077,0,-16.434310001,50,-2.859858781,390
net_C,0.0354,1,90,90,90,4.516,3.7543,10,0.4247,2.75,0.0651,12,12,1.6165,2,1.4307,0.0006,0.0243,-0.0587,0,3.15,4,2,-1,123,280.9257,16.7608,1,0.0032,0.0016,0.0480382557912692,-52.87845608,1,0.00325385882911178,0,1296,0,0,0,-6.853578486,170,-5.507298051,640
PHH-graphene,0.0366,1,90,90,90,8.1129,6.7346,10,0.4393,2.7,0.0673,12,12,1.4692,4,1.4377,0.0035,0.0589,-0.0542,0,3.15,5,4,mm2,118,133.8121,11.5677,1,0.0032,0.0016,0.0494169568959647,-179.18301197,1,0,0,1296,0,0,0,-3.438998625,30,4.141821712,140
BPC,0.0303,1,90,90,120,6.764,6.764,10,0.3634,2.77777777777778,0.0557,12,12,2.692,2,1.4356,0.0027,0.0524,-0.0556,0,3.15,3,8,mmm,120,394.2238,19.8551,1,0.0032,0.0016,0.0420644690318367,-103.58679097,1,0,0,1296,0,0,0,-12.200326221,180,-10.891057341,1000
Si2P2,0.0179,2,90,90,60,3.5918,3.5918,10,0.5281,2.71428571428571,0.0972,29.4237,29.5,1.9507,1,2.2728,0,0,0.0426,0.34,2.99,1,6,3m,104,0,0,2,0.9436,0.4766,0.0238682013719603,-10.24949711,1,0.930223910000001,0.2163,50625,3,5.76282565917539,0,-2.7539555,50,23.636646714,10
WTe2,0.0273,2,90,90,60,3.5616,3.5616,10,4.0054,4.97297297297297,0.3625,142.4516,146.6667,2.0078,2,2.9832,0.1441,0.3796,-0.0321,0.5032,2.9,8,12,-6m2,93,917.1198,30.284,3,0.9913,0.5839,0.0677273322002366,-20.93877831,1,3.60378232,2.1645,29986576,6,5.29197879520307,0,0,0,21.248148008,10
GY3,0.0259,1,90,90,120,9.4377,9.4377,10,0.3111,2.23076923076923,0.0477,12,12,2.2754,3,1.3554,0.0063,0.0792,-0.1083,0,3.15,2,24,6/mmm,150,899.4184,29.9903,1,0.0032,0.0015,0.0285205883276573,-170.35368141,1,0,0,1296,0,0,0,-17.492139346,210,-16.305208885,1000
AlBi,0.011,2,90,90,60,4.5828,4.5828,10,1.2976,2.71428571428571,0.1155,47.822,118,2.4966,1,2.6459,0,0,-0.0164,0.17,2.605,1,12,-6m2,120,0,0,1,0.0032,0.0016,0.0146616927658621,-6.69169586,1,0,0,47458321,3,5.76282565917539,0,-19.394335166,20,64.864211803,80
Pb2P2,0.0135,2,90,90,60,4.138,4.138,10,1.605,2.71428571428571,0.1225,53.9244,119,2.2282,1,2.6702,0,0.0001,0.0554,0.54,2.89,1,2,m,102,0,0,2,0.968,0.4888,0.0179837147133993,-8.14789203,1,1.19280448,0.3557,45212176,3,5.76282565917539,0,-18.379497566,60,5.15112295,220
alpha-α-Sn2Sb2,0.0254,2,90,90,60,4.2622,4.2622,10,3.0637,3,0.286,120.4813,120.5,2.4488,1,2.8266,0,0.0042,0.0168,0.3083,2.865,2,12,-6m2,103,88.992,9.4336,2,0.9877,0.5879,0.0381377283639471,-17.02564658,1,5.60642308,4.9211,6765201,3,5.76282565917539,0,-16.235466453,50,-2.924488936,350
alpha-α-C2Bi2,0.0354,2,90,90,60,3.6103,3.6103,10,3.9158,5.0625,0.2732,22.6968,110.5,2.041,3,2.7949,0.5228,0.7231,0.1191,0.2272,2.92,7,12,-6m2,101,972.6578,31.1875,3,1,0.4978,0.089699314768783,-22.87496958,1,3.80064224,2.0829,47458321,3,5.76282565917539,0,0,0,22.840631847,10
GaGD-HEX,0.0092,2,90,90,60,13.2446,13.2445,10,0.1869,2,0.0245,13.6111,20.2857,6.4891,3,1.5419,0.1056,0.325,-0.111,0.3086,3.0471,2,4,mm2,163,734.6939,27.1052,0,0,0,0.00921556676571043,-101.73761001,1,8.01756915969065E-07,0,923521,3,3.40970707024983,0,-6.274599887,30,10.27668137,110
AlSb,0.0118,2,90,90,60,4.4273,4.4273,10,0.8778,2.71428571428571,0.11,44.2148,74.5,2.3637,1,2.5561,0,0,-0.0169,0.53,2.785,1,12,-6m2,120,0,0,1,0.0032,0.0016,0.0157095181643211,-7.38982731,1,0,0,6765201,3,5.76282565917539,0,0,0,12.812410576,10
DHQ_graphene,0.0333,1,90,90,90,8.9671,6.6904,10,0.4,2.79487179487179,0.0613,12,12,1.9808,4,1.4371,0.0014,0.0368,-0.0545,0,3.15,5,16,mmm,111,449.4766,21.2009,1,0.0032,0.0016,0.0458385026783474,-174.45306555,1,0,0,1296,0,0,0,-9.24425738,150,-7.097900447,650
phagraphene,0.0372,1,90,90,90,8.1031,6.6371,10,0.4463,2.575,0.0684,12,12,1.4742,3,1.4226,0.0014,0.0371,-0.0641,0,3.15,5,8,mmm,118,84.5401,9.1946,1,0.0032,0.0016,0.0478790861491811,-181.5850194,1,0,0,1296,0,0,0,-7.078259803,70,-2.50648089,420
silicene,0.0156,1,90,90,120,3.8511,3.8511,10,0.436,2.71428571428571,0.0892,28,28,2.1064,1,2.2698,0,0,0.0224,0,2.82,1,12,-3m,116,0,0,2,0.6215,0.3144,0.0207621952919661,-9.74176944,1,0.456425640000001,0.0521,38416,0,0,0,-14.823582972,90,-0.911807955,330
C2N,0.03,2,90,90,60,8.3236,8.3236,10,0.38,2.44444444444444,0.0518,12.6,12.6667,2.6473,3,1.3976,0.0034,0.0581,-0.0669,0.1864,3.2867,1,24,6/mmm,120,1.2172,1.1033,1,0.0032,0.0016,0.0366661392298392,-157.06175066,1,3.94274174286835E-06,0,2401,1,5.29197879520307,0,-12.433101773,210,-11.706293556,1000
borophene-2,0.0327,1,90,90,90,2.8966,8.4405,10,0.3599,4.05882352941176,0.0842,11,11,1.4898,2,1.6806,0.0007,0.027,-0.0114,0,3.04,5,16,mmm,102,1515.0355,38.9235,1,0.0032,0.0015,0.0640797226767955,-50.99251055,1,0,0,625,0,0,0,-13.908695153,180,-10.912883966,1000
WSe2,0.0312,2,90,90,60,3.3337,3.3337,10,3.5534,4.97297297297297,0.3354,97.557,114,1.8684,2,2.7826,0.1308,0.3617,-0.0594,0.664,3.0533,8,12,-6m2,93,911.1025,30.1845,3,0.9922,0.5832,0.0773023436294698,-22.78927244,1,3.33095526,1.8492,29986576,6,5.29197879520307,0,-0.372151524,10,18.336463688,30
16,0.0344,1,90,90,90,10.2348,10.2348,10,0.4124,2.61111111111111,0.0632,12,12,1.6696,7,1.4516,0.0157,0.1253,-0.045,0,3.15,11,4,mm2,115,619.0947,24.8816,1,0.0032,0.0016,0.0448687573806845,-299.96650619,5,0,0,1296,0,0,0.00694444444444444,-0.289623178,30,6.314858954,70
BN,0.0366,2,90,90,60,2.5125,2.5125,10,0.4573,2.71428571428571,0.0745,12.32,12.5,1.275,1,1.4506,0,0,-0.0701,0.52,3.3,1,12,-6m2,120,0,0,1,0.0032,0.0016,0.0487782788669705,-17.72992314,1,0,0,2401,3,5.76282565917539,0,-10.85072205,260,-10.706817251,1000
alpha-α-Ge2Bi2,0.0267,2,90,90,60,4.1602,4.1602,10,3.7629,3,0.2778,108.2057,141,2.2408,2,2.6897,0.0128,0.1131,0.0213,0.0833,2.74,2,12,-6m2,104,74.9212,8.6557,2,0.9837,0.5891,0.0400305899603259,-17.48035938,1,5.07493598,3.9616,47458321,3,5.76282565917539,0,-10.276039636,30,2.415224634,140
C4N3,0.0346,2,90,90,60,4.8345,4.8344,10,0.4446,2.31818181818182,0.0586,12.7826,12.8571,1.3379,2,1.3824,0.0021,0.0457,-0.0717,0.2563,3.3257,1,4,mm2,120,0.0765,0.2765,1,0.0032,0.0017,0.0395240644779656,-59.08711952,2,0,0,2401,2,5.67769798247972,0,-1.503473671,30,31.381450702,60
pentahexoctite,0.0362,1,90,90,90,5.7921,3.8107,10,0.4349,2.68181818181818,0.0666,12,12,1.6566,3,1.4345,0.0014,0.0373,-0.0563,0,3.15,5,4,2/m,119,180.7337,13.4437,1,0.0032,0.0015,0.0491174553982505,-71.25744878,1,0,0,1296,0,0,0,-7.188641595,90,-3.885781085,730
InS,0.0156,2,90,90,90,6.6753,3.8529,10,1.1431,2.76923076923077,0.131,50.068,73.5,2.0118,1,2.567,0,0.0007,0.0393,1.15,2.865,1,4,m,97,0.0019,0.0437,2,0.9895,0.5136,0.0204127324378993,-14.20920806,1,1.28059507,0.41,5764801,3,5.76282565917539,0,0,0,161.244214707,10
beta-β-C2Sb2,0.0395,2,90,90,60,3.4186,3.4187,10,2.6479,5,0.2586,21.8507,67,1.0746,3,2.6679,0.4659,0.6825,0.1172,0.0471,3.1,7,12,-3m,100,1079.4315,32.8547,3,1,0.4931,0.0957131926466175,-24.11268971,1,3.63967164,1.9349,6765201,3,5.76282565917539,0,0,0,19.758691346,10
PCF-graphene,0.0596,1,90,90,90,4.9109,5.4648,10,0.7154,2.625,0.1096,12,12,1.6219,2,1.4595,0.0038,0.062,-0.0398,0,3.15,3,16,mmm,118,121.3968,11.018,2,0.9809,0.6376,0.0782486643937723,-134.08579362,1,2.4513778,0.9849,1296,0,0,0,-0.151823473,40,3.991280739,70
Sn2As2,0.0139,2,90,90,60,4.0809,4.0809,10,1.3451,2.71428571428571,0.1269,92.0103,97,2.2852,1,2.6554,0,0,0.0292,0.47,2.915,1,6,3m,100,0,0,2,0.9753,0.4925,0.0184897801209696,-8.24730788,1,1.22482944,0.3751,6250000,3,5.76282565917539,0,-16.246273844,30,27.501437021,100
PGD-HEX,0.0095,2,90,90,60,17.0703,17.0701,10,0.1593,2.16666666666667,0.0253,14.1714,16.75,7.7402,4,1.5255,0.0524,0.229,-0.0872,0.0046,3.1525,4,4,2/m,140,988.3982,31.4388,1,0.0032,0.0016,0.0103029670539244,-180.25120877,1,0,0,50625,2,4.67525439236077,0,-9.289265726,30,10.496422342,120
BCN-1,0.0365,3,90,90,90,7.5978,4.322,10,0.4507,2.78947368421053,0.072,12.2115,12.3333,1.2439,4,1.4549,0.0028,0.0531,-0.0588,0.3355,3.25,1,4,mm2,120,1.8685,1.3669,1,0.0032,0.0016,0.0472019447961714,-104.03445362,1,0,0,2401,3,9.13386256798666,0,-0.917127181,110,1.309485125,230
CEY,0.0249,1,90,90,90,6.9687,6.9122,10,0.2989,2.08333333333333,0.0458,12,12,2.2244,3,1.3462,0.0068,0.0822,-0.1144,0,3.15,2,8,mmm,152,902.7535,30.0459,1,0.0032,0.0015,0.0259502683072483,-101.22125374,1,0,0,1296,0,0,0.0208333333333333,-19.145461856,210,-18.02676734,1000
alpha-α-Ge2As2,0.0326,2,90,90,60,3.7666,3.7666,10,2.4091,3,0.2327,73.9865,74,2.0665,1,2.462,0,0.0018,0.0294,0.3,2.97,2,12,-6m2,104,62.2928,7.8926,2,0.979,0.5904,0.0488332747580257,-19.42737191,1,4.76978844,3.599,1185921,3,5.76282565917539,0,-4.321975584,50,12.108119906,100
GaBi,0.0111,2,90,90,60,4.5712,4.5712,10,1.5417,2.71428571428571,0.1171,104.8746,139.5,2.6272,1,2.6392,0,0,-0.0225,0.26,2.56,1,12,-6m2,120,0,0,1,0.0032,0.0016,0.0147359030646357,-6.11454227,1,0,0,47458321,3,5.76282565917539,0,0,0,38.680805849,10
10,0.0364,1,90,90,90,8.7652,8.7652,10,0.4373,2.71428571428571,0.067,12,12,1.7305,7,1.4369,0.0035,0.059,-0.0547,0,3.15,5,16,4/mmm,119,112.3213,10.5982,1,0.0032,0.0015,0.0494602788824127,-250.74745458,1,0,0,1296,0,0,0,-1.701440597,30,8.714053637,70
OPG-L,0.0358,1,90,90,73,4.9017,7.154,10,0.4302,2.54545454545455,0.0659,12,12,1.6034,2,1.4329,0.0005,0.0218,-0.0573,0,3.15,3,8,2/m,115,171.5244,13.0967,1,0.0032,0.0016,0.0425707710846494,-107.60206604,3,0,0,1296,0,0,0,-1.841280735,110,0.488593258,280
beta-β-Ge2As2,0.0324,2,90,90,60,3.775,3.775,10,2.3984,2.86885245901639,0.2317,73.9865,74,1.1001,2,2.4603,0.0001,0.0083,0.0287,0.2953,2.97,2,12,-3m,105,62.8357,7.9269,2,0.9778,0.6073,0.0450714540503915,-19.37403486,2,2.37114863,3.5569,1185921,3,5.76282565917539,0,-3.578419869,40,14.293110139,90
GaGY-REC,0.0161,2,90,90,90,11.1444,7.8209,10,0.3258,2.15384615384615,0.0428,13.6111,20.2857,3.8417,3,1.5571,0.0962,0.3101,-0.0968,0.2979,3.0471,2,1,1,156,873.3116,29.5518,1,0.0032,0.0013,0.016636349595788,-102.94040002,1,0.00034192464196181,0,923521,3,3.40970707024983,0,-13.464470226,100,-4.236610201,440
12,0.032,1,90,90,90,9.5198,9.5198,10,0.384,2.89655172413793,0.0588,12,12,2.2397,5,1.4473,0.0017,0.0407,-0.0478,0,3.15,9,16,4/mmm,122,690.8585,26.2842,1,0.0032,0.0016,0.046343633404104,-245.68028091,1,0,0,1296,0,0,0.00862068965517241,-8.068766348,150,-6.221058838,1000
alpha-Gy,0.0191,1,90,90,60,6.9611,6.9611,10,0.2288,2.08333333333333,0.0351,12,12,3.2828,2,1.3484,0.0055,0.0742,-0.1129,0,3.15,2,8,mmm,152,899.7365,29.9956,0,0,0,0.0198592868863103,-66.5886515,1,0,0,1296,0,0,0,-12.622044855,170,-10.908871513,1000
PGY-REC,0.0223,2,90,90,90,7.2637,12.3654,10,0.3518,2.32352941176471,0.0556,13.6765,15.8,2.3273,4,1.4903,0.0389,0.1973,-0.082,0.0032,3.152,5,8,2/m,136,768.9923,27.7307,1,0.0032,0.0018,0.0244939874481359,-155.96983273,1,0,0,50625,1,4.16034574929649,0,-2.237935421,20,12.305468051,50
8,0.0368,1,90,90,90,9.329,9.329,10,0.4412,2.75,0.0676,12,12,1.6579,2,1.4278,0.0004,0.0201,-0.0606,0,3.15,4,8,4/m,120,107.9517,10.39,1,0.0032,0.0016,0.0505574855867892,-290.32395753,1,0,0,1296,0,0,0,-1.216746125,110,0.613790769,270
alpha-BC2N,0.0569,3,90,90,120,6.9774,6.9774,10,0.6973,2.66666666666667,0.1103,12.1579,12.25,2.1549,4,1.4702,0.0027,0.0523,-0.0446,0.26,3.225,4,12,6mm,118,120.9565,10.998,2,0.9813,0.6511,0.0758976572109192,-189.64546986,1,2.53652731,1.0716,2401,3,8.64423848876308,0,-5.266359512,170,-3.549156056,500
GDY-2,0.0129,2,90,90,60,16.3752,16.3781,10,0.1266,2.13333333333333,0.0193,3.75,9.8,7.4,4,1.3119,0.0163,0.1278,-0.0805,0.0206,3.128,2,2,m,138,748.3604,27.3562,1,0.0032,0.0016,0.0137798732179806,-228.9300357,1,23.3987344505359,0,1296,1,4.16034574929649,0,-6.865824262,50,1.021956766,260
BP,0.0225,2,90,90,60,3.2061,3.2061,10,0.4718,2.71428571428571,0.0865,16.2381,21,1.6363,1,1.851,0,0,-0.0359,0.12,3.1,1,12,-6m2,120,0,0,1,0.0032,0.0016,0.0299569355750595,-12.34758223,1,0,0,50625,3,5.76282565917539,0,-13.694678755,120,-8.858219597,840
BGY-HEX,0.0169,2,90,90,60,7.3994,7.3994,10,0.1982,2.08333333333333,0.0341,11.7333,11.75,3.5981,2,1.4396,0.017,0.1303,-0.0932,0.0792,3.1225,2,4,2/m,152,890.4059,29.8397,0,0,0,0.0175733585973703,-62.64368022,1,0,0,1296,3,4.67525439236077,0,-12.794,30,-6.768,310
s-graphene,0.035,1,90,90,90,5.877,3.891,10,0.4198,2.75,0.0643,12,12,1.6549,2,1.5116,0.0013,0.036,-0.0055,0,3.15,5,8,mmm,132,624.3877,24.9878,1,0.0032,0.0015,0.0257316815341227,-67.49086405,1,0,0,1296,0,0,0.0138888888888889,-10.028984191,80,-5.018962024,1000
alpha-α-Sn2N2,0.0394,2,90,90,60,3.4234,3.4234,10,2.6208,5.0625,0.2512,25.0526,66.5,1.8936,3,2.7219,0.3929,0.6268,0.1001,0.4346,3.12,7,12,-6m2,101,925.7443,30.426,4,1,0.5003,0.0997580200696976,-23.61553801,1,4.35998816,3.4404,6250000,3,5.76282565917539,0,-2.12674025,50,8.608468404,10
GY2,0.0191,1,90,90,120,6.9624,6.9624,10,0.2287,2.08333333333333,0.035,12,12,3.2873,2,1.3487,0.0055,0.0742,-0.1127,0,3.15,2,24,6/mmm,152,899.7365,29.9956,0,0,0,0.0198502791023314,-66.61809803,1,0,0,1296,0,0,0,-14.413304355,120,-9.508458885,1000
alpha-α-Si2P2,0.0373,2,90,90,60,3.5179,3.5179,10,1.101,3,0.2027,29.4237,29.5,1.8718,2,2.2824,0.0009,0.0306,0.0437,0.2833,2.99,2,12,-6m2,105,41.4632,6.4392,2,0.9674,0.5922,0.0559814328148099,-22.91498377,1,4.37239536,3.0805,50625,3,5.76282565917539,0,-1.852422404,80,9.226391035,10
PHE-graphene,0.0352,1,90,90,120,5.7282,5.7282,10,0.4223,2.75280898876404,0.0647,12,12,3.3845,3,1.435,0.0024,0.049,-0.0559,0,3.15,5,12,-6m2,121,225.6839,15.0228,1,0.0032,0.0016,0.048094937717573,-88.64390373,1,0,0,1296,0,0,0,-1.849813157,50,2.800312838,190
C12N2,0.0191,2,90,90,122,9.3164,9.3165,10,0.2346,1.90740740740741,0.0342,12.25,12.2857,6.2328,4,1.3373,0.0054,0.0731,-0.1133,0.0946,3.2086,3,8,mmm,150,836.4971,28.9223,1,0.0032,0.0019,0.0177338997177152,-117.3565976,5,0,0,2401,1,3.40970707024983,0,-12.731249545,80,-3.592318259,390
Sn2Bi2,0.014,2,90,90,60,4.3116,4.3116,8.8751,2.2958,2.71428571428571,0.1738,151.6524,164,2.2696,1,3.0405,0,0,0.0594,0.01,2.685,1,2,m,90,0,0,2,1,0.5049,0.016565320770612,-7.37691286,1,1.75098101632376,0.7618,47458321,3,5.76282565917539,0,0,0,128.959483271,10
HOP-graphene,0.0366,1,90,90,66,6.0856,4.9105,10,0.4389,2.72093023255814,0.0672,12,12,2.5315,1,1.4283,0.0001,0.0083,-0.0603,0,3.15,5,4,2/m,120,145.0994,12.0457,1,0.0032,0.0016,0.0487627718894754,-90.70264723,1,0,0,1296,0,0,0,-7.460226163,170,-6.183242675,900
pza_c10,0.0368,1,90,90,78,6.0125,4.6234,10,0.4418,2.76136363636364,0.0677,12,12,1.6702,4,1.4312,0.0014,0.0378,-0.0584,0,3.15,5,4,2/m,118,106.8475,10.3367,1,0.0032,0.0016,0.0503188618921157,-90.29943933,1,0,0,1296,0,0,0,-10.623637604,120,-7.695469705,840
SiP2-Penta,0.0256,2,90,90,90,4.8388,4.8388,10,0.7688,2.7037037037037,0.1366,29.931,30,1.3163,2,2.2632,0.0002,0.0137,0.0416,0.2795,3.0467,3,8,-42m,105,21.5837,4.6458,5,0.9998,0.6307,0.0346428650874627,-33.73532692,2,1.368117685,1.2478,50625,4,5.29197879520307,0,0,0,24.038311685,10
biphenylene,0.0353,1,90,90,90,3.7626,4.5114,10,0.4242,2.66666666666667,0.065,12,12,1.4878,2,1.4298,0.0006,0.0249,-0.0593,0,3.15,4,8,mmm,122,265.9099,16.3067,1,0.0032,0.0015,0.0471289126770497,-52.87720835,1,0,0,1296,0,0,0,-0.261612894,40,4.382025262,90
BSb,0.0166,2,90,90,60,3.7269,3.7269,10,1.1057,2.71428571428571,0.1149,20.1805,66.5,1.9616,1,2.1517,0,0,-0.0394,0.01,3.045,1,12,-6m2,120,0,0,1,0.0032,0.0016,0.0221684483458127,-9.43593792,1,0,0,6765201,3,5.76282565917539,0,-21.130757823,40,2.125134747,260
Sn2Sb2,0.0129,2,90,90,60,4.2334,4.2334,10,1.5527,2.71428571428571,0.145,120.4813,120.5,2.4007,1,2.8584,0,0.0001,0.0282,0.37,2.865,1,1,1,96,0,0,2,0.9943,0.5021,0.0171806698480152,-7.6382763,1,1.48203494,0.5491,6765201,3,5.76282565917539,0,0,0,121.242283169,10
DHP-graphene,0.0343,1,90,90,90,7.084,9.8809,10,0.4115,2.76595744680851,0.063,12,12,2.168,2,1.4343,0.0008,0.0288,-0.0564,0,3.15,6,16,mmm,124,278.7342,16.6953,1,0.0032,0.0016,0.0471453667749771,-213.70153189,1,0,0,1296,0,0,0,-4.231323392,70,-0.013823289,310
tri_graphene,0.0262,1,148,76,120,5.1941,5.1681,10.7286,0.3138,2.83333333333333,0.0481,12,12,2.5689,2,1.4032,0.001,0.0318,-0.0768,0,3.15,2,2,-1,101,1997.2315,44.6904,1,0.0032,0.0016,0.0289120901021806,-49.70927252,1,0.000470332354386649,0,1296,0,0,0,-26.615339495,270,-26.536857254,1000
Si2Bi2,0.0134,2,90,90,60,4.1532,4.1532,10,1.5866,2.71428571428571,0.1293,49.384,118.5,2.3195,1,2.6932,0,0,0.0398,0.13,2.755,1,2,m,101,0,0,2,0.9725,0.4911,0.0178516879187774,-8.16317578,1,1.22623293,0.3759,47458321,3,5.76282565917539,0,-12.589632657,30,16.387809065,100
beta-β-Sn2N2,0.039,2,90,90,60,3.4421,3.4421,10,2.5924,5.19354838709677,0.2485,25.0526,66.5,0.9684,3,2.7305,0.4016,0.6337,0.1034,0.4346,3.12,7,12,-3m,101,929.1085,30.4813,4,1,0.4972,0.0986775120737266,-23.58375324,1,4.3126608,3.3855,6250000,3,5.76282565917539,0,-5.495237074,70,3.936162388,210
stanene,0.0109,1,90,90,120,4.612,4.612,10,1.292,2.71428571428571,0.1221,119,119,2.6717,1,2.8066,0,0,0.0096,0,2.68,1,12,-3m,111,0,0,2,0.8425,0.4257,0.0144766405010792,-7.06137286,1,0.88720826,0.1968,6250000,0,0,0,0,0,46.642536958,10
InAs,0.0118,2,90,90,60,4.4284,4.4284,10,1.1187,2.71428571428571,0.1122,90.7895,95,2.3706,1,2.5568,0,0,-0.0204,0.86,2.72,1,12,-6m2,120,0,0,1,0.0032,0.0016,0.0157013886754661,-6.9846599,1,0,0,5764801,3,5.76282565917539,0,-3.193568038,20,3.549097114,50
CN,0.0274,2,90,90,60,7.1152,7.1152,10,0.3558,2.33333333333333,0.0457,12.9231,13,2.6304,2,1.364,0.0034,0.0587,-0.0769,0.3514,3.355,2,24,6/mmm,119,25.9753,5.0966,1,0.0032,0.0014,0.0299786401749623,-102.08258576,1,0,0,2401,2,5.76282565917539,0,-8.672658057,70,6.976614094,190
Ge2N2,0.0388,2,90,90,60,3.1199,3.1199,6.1193,1.6866,2.71428571428571,0.1694,23.4943,43.5,1.7195,1,1.9324,0,0,0.0117,0.77,3.175,1,6,3m,108,0,0,2,0.9003,0.4548,0.0516951994242468,-11.72380355,1,0.699575355421184,0.1224,1048576,3,5.76282565917539,0,0,0,145.383730704,10
beta-β-Ge2N2,0.048,2,90,90,60,3.1023,3.1023,10,2.0876,3.06451612903226,0.2097,23.4943,43.5,1.0092,2,2.0067,0.0499,0.2234,0.006,0.6417,3.175,1,12,-3m,109,0.248,0.498,2,0.8781,0.6016,0.0719864559576857,-25.60156279,1,3.81413534,2.6036,1048576,3,5.76282565917539,0,-1.768067219,80,6.245256873,10
T_graphene,0.0336,1,90,90,90,3.4495,3.4495,10,0.4034,2.8,0.0618,12,12,1.6473,2,1.442,0.0022,0.0466,-0.0513,0,3.15,2,2,-1,120,450.5371,21.2259,1,0.0032,0.0016,0.0478854984645548,-35.07111948,1,5.55971444171632E-06,0,1296,0,0,0,-16.358333301,290,-16.353324422,1000
C2Sb2,0.019,2,90,90,60,3.4854,3.4854,10,1.2737,2.71428571428571,0.1244,21.8507,67,1.9121,1,2.1645,0,0,0.0067,0.1,3.1,1,6,3m,107,0,0,2,0.9068,0.458,0.0253480502606411,-10.33707285,1,0.7973709,0.159,6765201,3,5.76282565917539,0,-19.61427886,120,-15.66668288,790
C3N2,0.0269,2,90,90,90,8.3056,8.3057,10.7587,0.3449,2.4,0.0459,12.7273,12.8,2.2113,3,1.3776,0.0029,0.0542,-0.0736,0.2733,3.314,4,4,2/m,119,109.4778,10.4632,1,0.0032,0.0016,0.0347906608936504,-168.5890704,1,0,0,2401,2,5.59541899951496,0,-0.71900651,50,8.236200794,100
AsGD-HEX,0.0091,2,90,90,60,17.4281,17.4278,10,0.2532,2.16666666666667,0.0287,15.1899,27.75,7.8556,4,1.5865,0.0882,0.297,-0.0837,0,3.15,4,4,2/m,140,1006.7803,31.7298,1,0.0032,0.0016,0.00988444423165006,-173.50156926,1,0,0,1185921,0,4.67525439236077,0,-5.103462853,20,19.463990738,50
beta-β-Si2Bi2,0.0274,2,90,90,60,4.1064,4.1064,10,3.2459,2.86885245901639,0.2644,49.384,118.5,1.2254,2,2.6207,0.0238,0.1542,0.0384,0.1066,2.755,2,12,-3m,104,70.964,8.424,2,0.981,0.6066,0.0380914280520785,-18.79397719,2,2.42275145,3.5912,47458321,3,5.76282565917539,0,-5.777162739,40,8.836967442,120
NGY-REC,0.025,2,90,90,90,6.9057,11.6064,10,0.3094,2.32352941176471,0.0442,12.3529,12.4,2.2115,4,1.3588,0.0054,0.0737,-0.0965,0.1305,3.232,2,16,mmm,140,814.557,28.5404,1,0.0032,0.0017,0.0274484150919671,-169.11472002,1,0,0,2401,1,4.16034574929649,0,-14.375256862,100,-7.648902275,510
SnP3,0.0183,2,90,90,120,7.1118,7.1118,10,0.968,2.56521739130435,0.1217,38.0309,53,1.9353,2,2.4438,0.0686,0.262,0.0548,0.256,3.04,3,12,-3m,99,125.6811,11.2108,3,0.9942,0.637,0.0228304448651088,-39.77869646,2,2.28532786335985,0.5816,6250000,3,4.67525439236077,0,-4.731982649,20,36.188202412,50
GDY,0.0232,1,90,90,120,9.4587,9.4587,10,0.2788,2.13888888888889,0.0427,12,12,2.9175,4,1.3472,0.0069,0.0831,-0.1137,0,3.15,2,24,6/mmm,150,897.1694,29.9528,1,0.0032,0.0015,0.0248446655048762,-152.86581401,1,0,0,1296,0,0,0.0138888888888889,-17.337937619,180,-15.368392891,1000
gamma-BC2N,0.0545,3,90,90,120,7.1335,7.1335,10,0.6671,2.66666666666667,0.1055,12.1579,12.25,2.267,3,1.4793,0.0075,0.0865,-0.0395,0.26,3.225,3,12,-6m2,118,103.5646,10.1767,2,0.9927,0.6639,0.0726133258956015,-191.34949008,1,2.52991202,0.9836,2401,3,8.64423848876308,0,-1.339768769,140,0.633315593,10
BC6N-Rec,0.0374,3,90,90,90,2.4775,8.6316,10,0.4536,2.71428571428571,0.0706,12.0784,12.125,1.2326,3,1.4322,0.0008,0.0285,-0.0623,0.1306,3.1875,1,4,mm2,120,1.2899,1.1357,1,0.0032,0.0015,0.0483202069381109,-72.28090064,1,0,0,2401,3,6.11596080715462,0,-11.521038029,950,6.345011148,10
C4N-2,0.0508,2,90,90,120,4.7665,4.7665,10,0.6302,3.77272727272727,0.09,12.3529,12.4,1.2994,4,1.5732,0.0092,0.0961,0.0505,0.1757,3.232,5,12,-3m,90,520.1768,22.8074,3,0.9848,0.6109,0.0948731110098603,-80.24685203,1,1.99168278,0.3392,2401,1,4.16034574929649,0,-0.704192753,50,6.91483282,120
delta-BC2N,0.0547,3,90,90,120,7.1206,7.1206,10,0.6695,2.66666666666667,0.1059,12.1579,12.25,2.2412,3,1.4778,0.0064,0.0799,-0.0403,0.26,3.225,5,12,-3m,117,124.2793,11.1481,2,0.9815,0.6611,0.0728759680936635,-190.89687119,1,2.46826354,0.9853,2401,3,8.64423848876308,0,0,0,3.398568145,10
H3,0.0358,1,90,90,90,6.9076,4.8565,10,0.4292,2.48888888888889,0.0658,12,12,1.5131,3,1.4302,0.0009,0.0304,-0.0591,0,3.15,6,8,mmm,123,268.0104,16.371,1,0.0032,0.0016,0.0424777265783704,-107.18724888,2,0,0,1296,0,0,0,-2.690967984,130,-0.870558783,350
alpha-α-Sn2As2,0.0289,2,90,90,60,3.9952,3.9952,10,2.8068,3,0.2649,92.0103,97,2.1809,2,2.6675,0.0052,0.0724,0.0208,0.3917,2.915,2,12,-6m2,104,76.7733,8.762,2,0.9845,0.5889,0.0434045765973526,-18.32701929,1,5.37748104,4.6154,6250000,3,5.76282565917539,0,-13.442766591,40,-0.309946193,370
BC10N2,0.037,3,90,90,90,8.1474,8.6336,10,0.4521,2.76923076923077,0.0681,12.1826,12.2308,1.6949,3,1.4228,0.0015,0.0383,-0.0613,0.1489,3.2046,6,8,mmm,118,89.1684,9.4429,1,0.0032,0.0016,0.0511787984805585,-232.49033177,1,0,0,2401,2,5.71248311563708,0,-3.443201159,100,-0.985706008,360
15,0.0349,1,90,90,90,9.7232,9.7232,10,0.4189,2.72727272727273,0.0642,12,12,1.4464,4,1.449,0.0048,0.0691,-0.0467,0,3.15,9,8,4/m,127,704.3411,26.5394,1,0.0032,0.0016,0.0475986708457038,-276.36903469,1,0,0,1296,0,0,0.00757575757575758,-0.182592709,20,8.064978983,40
18.18.18-Gy,0.0191,1,90,90,90,12.0485,6.9643,10,0.2288,2.15384615384615,0.0351,12,12,3.3287,2,1.3445,0.0058,0.076,-0.1154,0,3.15,2,16,mmm,153,889.5532,29.8254,0,0,0,0.0196639357086066,-133.17757035,1,0,0,1296,0,0,0.015625,-19.222882719,170,-16.252345489,1000
hexagonal-heackelite,0.0368,1,90,90,120,7.0813,7.0813,10,0.4421,2.65625,0.0677,12,12,1.7626,3,1.4295,0.0014,0.0377,-0.0595,0,3.15,6,12,-6m2,119,84.3093,9.182,1,0.0032,0.0015,0.0489329540558518,-144.65517798,1,0,0,1296,0,0,0,-8.983955973,140,-6.957509643,1000
H4,0.0364,1,90,90,90,7.4104,7.4104,10,0.437,2.7,0.067,12,12,1.8208,3,1.4341,0.0012,0.0349,-0.0565,0,3.15,5,4,2/m,117,123.7624,11.1249,1,0.0032,0.0015,0.0491678674937601,-181.58864411,1,0,0,1296,0,0,0,-5.573188502,140,-4.042506782,610
beta-BC2N,0.0466,3,90,90,120,7.7134,7.7134,10,0.5706,2.66666666666667,0.0902,12.1579,12.25,2.4269,4,1.5328,0.0118,0.1085,-0.008,0.2412,3.225,4,12,-3m,120,268.8731,16.3974,3,0.9995,0.6799,0.0621045255243347,-178.66928791,1,2.12913216,0.7836,2401,3,8.64423848876308,0,-1.20862184,80,3.169955314,190
Sn2P2,0.0147,2,90,90,60,3.9625,3.9625,10,1.1032,2.71428571428571,0.1205,49.1867,75,2.1751,1,2.5588,0,0,0.0401,0.48,2.92,1,2,m,101,0,0,2,0.9687,0.4892,0.0196130171949653,-8.79372648,1,1.14627577,0.3285,6250000,3,5.76282565917539,0,0,0,63.515328568,10
beta-β-Ge2P2,0.0349,2,90,90,60,3.6391,3.6391,10,1.8136,3.06451612903226,0.2157,43.5192,52,1.1565,2,2.3735,0.0013,0.0362,0.0359,0.3083,2.975,2,12,-3m,105,47.4848,6.8909,2,0.9715,0.6026,0.0523147657245247,-20.56236249,1,4.59243546,3.3893,1048576,3,5.76282565917539,0,-2.104768329,50,13.207633108,90
alpha-α-Si2As2,0.0343,2,90,90,60,3.6703,3.6703,10,1.7658,3,0.2192,40.7767,51.5,2.0812,2,2.3796,0.0004,0.019,0.0407,0.275,2.985,2,12,-6m2,105,54.2735,7.3671,2,0.9753,0.591,0.0514298342543827,-21.3051296,1,4.53971476,3.2589,1185921,3,5.76282565917539,0,-1.465578897,50,11.403956213,10
BGY-REC,0.0198,2,90,90,90,9.9,7.1469,10,0.2346,2.11111111111111,0.0385,11.8462,11.8571,3.4938,3,1.3907,0.0155,0.1245,-0.1081,0.0455,3.1343,2,1,1,156,867.9499,29.461,1,0.0032,0.0013,0.0204932986648489,-113.31690873,1,0.000124912856591664,0,1296,3,3.40970707024983,0,-6.729291835,40,2.202940199,230
MoS2,0.034,2,90,90,60,3.1912,3.1912,10,1.8142,4.97297297297297,0.2834,41.1429,53.3333,1.7559,2,2.6475,0.1273,0.3568,-0.0368,0.678,3.1167,8,12,-6m2,94,898.3992,29.9733,3,0.9937,0.5821,0.0843605585737715,-22.40036308,1,3.11727434,1.6196,3111696,6,5.29197879520307,0,-0.130477197,20,9.332634379,40
Ge2Sb2,0.0137,2,90,90,60,4.1117,4.1117,10,1.3319,2.71428571428571,0.1263,91.3436,97.5,2.2703,1,2.6656,0,0,0.0292,0.26,2.92,1,2,m,101,0,0,2,0.9722,0.491,0.0182136763554393,-8.12347053,1,1.2124215,0.3675,6765201,3,5.76282565917539,0,-16.826150891,20,140.376433228,40
Sn2N2,0.019,2,90,90,60,3.4838,3.4838,10,1.2653,2.71428571428571,0.1213,25.0526,66.5,1.903,1,2.0729,0,0,-0.0129,0.88,3.12,1,6,3m,114,0,0,2,0.7129,0.3604,0.0253699795254342,-10.83783816,1,0.501291672107509,0.0628,6250000,3,5.76282565917539,0,-18.184698445,90,-4.670868031,430
Fused_pentagon,0.0316,1,90,90,61,7.1269,7.1269,10,0.3795,2.57142857142857,0.0582,12,12,2.6539,4,1.4376,0.003,0.0545,-0.0542,0,3.15,4,4,2/m,117,367.5066,19.1705,1,0.0032,0.0016,0.040662579545477,-121.57090572,1,0,0,1296,0,0,0,-4.502915894,90,-0.908260391,340
11,0.0358,1,90,90,90,10.0333,10.0333,10,0.4291,2.66666666666667,0.0658,12,12,1.8666,6,1.4313,0.0033,0.057,-0.0584,0,3.15,4,8,4/m,121,112.3952,10.6017,1,0.0032,0.0016,0.0476818321163527,-312.8782674,1,0,0,1296,0,0,0,-0.394375725,20,12.808070916,50
BaAs3,0.0204,2,85,85,72,6.4499,6.4499,10,1.8437,5.36111111111111,0.3199,84.5679,90.5,1.7497,7,3.252,0.3134,0.5598,0.0503,0.7436,2.8675,16,4,2/m,105,1089.1427,33.0022,1,1,0.5589,0.0546078475172484,-39.08173761,1,3.46869291,1.6298,9834496,9,4.67525439236077,0,-3.589791787,20,8.394849963,60
beta-β-Ge2Bi2,0.0266,2,90,90,60,4.1693,4.1693,10,3.7465,2.86885245901639,0.2766,108.2057,141,1.277,2,2.6845,0.0151,0.1228,0.0206,0.082,2.74,2,12,-3m,104,76.1348,8.7255,2,0.9828,0.6061,0.036950628780712,-17.45480203,2,2.52420058,3.9192,47458321,3,5.76282565917539,0,-7.837722666,30,14.220310125,80
H2,0.0365,1,90,90,90,4.889,5.5965,10,0.4386,2.66666666666667,0.0672,12,12,1.6669,3,1.4293,0.0006,0.0251,-0.0597,0,3.15,6,8,mmm,124,131.7997,11.4804,1,0.0032,0.0016,0.0487314274051978,-90.32114567,1,0,0,1296,0,0,0,-4.626652431,140,-2.731797677,450
eta_P,0.025,1,90,90,72,3.3241,5.077,10,0.7738,2.56896551724138,0.1281,31,31,1.4964,3,2.2417,0.0087,0.0935,0.0475,0,3.16,4,1,1,106,98.0103,9.9,2,0.9653,0.5692,0.0312014496137475,-20.93624682,1,3.05604972,1.6391,50625,0,0,0,-7.274939388,50,23.039470916,110
C8N2-2,0.0378,2,90,90,113,4.832,5.9457,10,0.4684,2.77272727272727,0.0669,12.3529,12.4,1.496,1,1.4057,0.0003,0.017,-0.0615,0.18,3.232,7,4,2/m,120,157.2769,12.541,1,0.0032,0.0016,0.0516195923078146,-89.00954597,1,0,0,2401,1,4.16034574929649,0,-8.428736512,210,-7.773557388,1000
13,0.0221,1,90,90,90,12.0344,12.0344,10,0.2651,2.375,0.0406,12,12,4.0687,4,1.3761,0.0075,0.0866,-0.0946,0,3.15,3,16,4/mmm,141,1159.4064,34.0501,1,0.0032,0.0016,0.0262383991090786,-270.52200129,1,0,0,1296,0,0,0.0078125,-16.868269899,150,-12.793434376,1000
14,0.0325,1,90,90,90,8.0389,8.0389,10,0.3899,2.85714285714286,0.0598,12,12,1.8778,5,1.4695,0.014,0.1185,-0.0332,0,3.15,4,4,mm2,111,560.5081,23.6751,1,0.0032,0.0016,0.0464223286286845,-176.64375797,1,0,0,1296,0,0,0.0119047619047619,-3.792653008,140,-1.959446144,420
SiP2-Rec,0.0347,2,90,90,90,9.9846,3.4588,10,1.0424,2.86363636363636,0.1852,29.931,30,1.5176,2,2.2708,0.0005,0.0224,0.0452,0.2772,3.0467,5,4,mm2,104,64.1626,8.0102,2,0.9996,0.6369,0.0470540402720618,-68.34312156,1,5.57136342,2.9615,50625,4,5.29197879520307,0,0,0,17.475826645,10
rec-heackelite,0.0366,1,90,90,76,4.7435,4.7435,10,0.4394,2.69444444444444,0.0673,12,12,1.4304,2,1.4336,0.0018,0.0422,-0.0568,0,3.15,5,8,mmm,118,169.7847,13.0301,1,0.0032,0.0015,0.0493285368650987,-72.30111004,1,0,0,1296,0,0,0,-7.683970609,170,-6.423262415,1000
Pb2As2,0.0129,2,90,90,60,4.2368,4.2368,10,1.814,2.71428571428571,0.1293,110.1064,141,2.221,1,2.7535,0,0,0.039,0.53,2.885,1,6,3m,101,0,0,2,0.9743,0.492,0.0171536146307365,-7.82549519,1,1.26410867,0.3995,45212176,3,5.76282565917539,0,0,0,119.186015379,10
beta-β-Pb2P2,0.028,2,90,90,60,4.0645,4.0645,10,3.3271,3.06451612903226,0.254,53.9244,119,1.2578,2,2.7063,0.0161,0.127,0.0434,0.45,2.89,2,12,-3m,105,57.5095,7.5835,2,0.9767,0.6016,0.0419387344718703,-17.45191181,1,5.45077932,4.8317,45212176,3,5.76282565917539,0,-13.645125502,50,2.700751873,200
beta-β-Si2Sb2,0.0291,2,90,90,60,3.9842,3.9842,10,2.1822,2.86885245901639,0.247,45.5467,75,1.1369,2,2.5484,0.0131,0.1143,0.0402,0.1887,2.935,2,12,-3m,105,62.851,7.9279,2,0.9781,0.6072,0.0404624038476447,-19.54427516,2,2.36799574,3.4673,6765201,3,5.76282565917539,0,-5.193197607,50,7.042453469,140
borophene_hole,0.0335,1,90,90,90,9.2707,4.5049,10,0.3687,4.47368421052632,0.0862,11,11,1.6097,6,1.6874,0.0056,0.0749,-0.0074,0,3.04,8,4,2/m,95,1852.5557,43.0413,1,0.9951,0.2189,0.0676434740844034,-88.23170157,1,0.343498289999999,0.0067,625,0,0,0,-5.664836341,50,12.805881614,150
4,0.0329,1,90,90,120,11.238,11.238,10,0.395,2.7,0.0605,12,12,5.676,3,1.4314,0.0009,0.0295,-0.0583,0,3.15,6,4,mm2,124,379.1428,19.4716,1,0.0032,0.0015,0.043886725997778,-317.93524812,1,0,0,1296,0,0,0,-3.871716652,120,-1.863961432,420
pentaheptite,0.0366,1,90,90,76,4.7433,4.7434,10,0.4393,2.66666666666667,0.0673,12,12,1.83,2,1.4315,0.0017,0.0417,-0.0582,0,3.15,6,8,mmm,121,147.9629,12.164,1,0.0032,0.0016,0.048814737154284,-72.32870579,1,0,0,1296,0,0,0,-10.110081105,170,-8.726252043,1000
alpha-α-C2P2,0.0555,2,90,90,60,2.8853,2.8853,10,1.1929,3,0.1934,17.3023,21.5,1.5412,2,1.8253,0.0146,0.1206,0.0263,0.0083,3.155,2,12,-6m2,105,55.837,7.4724,2,0.976,0.5908,0.083222503032298,-28.31356058,1,3.29498694,1.6596,50625,3,5.76282565917539,0,0,0,12.564615177,10
BC6N6,0.0321,3,90,90,60,6.8373,6.8373,10,0.4125,2.31372549019608,0.0558,12.7516,12.8462,1.8746,4,1.3869,0.0092,0.096,-0.0699,0.3397,3.3308,5,4,mm2,125,359.9305,18.9718,1,0.0032,0.0015,0.0364323206683176,-108.24900831,2,0,0,2401,3,7.57419982517025,0,-3.097139073,90,2.708370116,230
PGY-HEX,0.0131,2,90,90,60,12.6165,12.6141,10,0.2395,2.22222222222222,0.0384,15.0811,18.3333,5.2281,3,1.6018,0.0413,0.2033,-0.0641,0.006,3.1533,4,4,mm2,129,697.378,26.4079,1,0.0032,0.0016,0.0145121556991473,-130.9702063,1,0,0,50625,2,5.29197879520307,0,0,0,15.729794104,10
oblique-heackelite,0.0367,1,90,103,90,5.5188,10,6.0861,0.44,3,0.0674,12,12,2.1563,6,1.4412,0.0042,0.0651,-0.0518,0,3.15,5,4,2/m,123,114.6159,10.7059,1,0.0032,0.0016,0.0471942938027788,-107.01920311,1,17.7814348024729,0,1296,0,0,0,-1.368634831,20,6.831706895,80
C2As2,0.0231,2,90,90,60,3.161,3.161,10,1.0054,2.71428571428571,0.1028,20.6897,43.5,1.766,1,1.9515,0,0,0.0008,0,3.15,1,6,3m,108,0,0,2,0.8915,0.4503,0.0308167943225867,-11.37328322,1,0.6911544,0.1194,1185921,0,5.76282565917539,0,0,0,60.343052758,10
TPH-graphene,0.0361,1,90,90,90,7.8415,7.0659,10,0.4332,2.65,0.0664,12,12,1.5319,4,1.4302,0.0017,0.0416,-0.0591,0,3.15,6,8,mmm,120,173.2124,13.161,1,0.0032,0.0016,0.0478274821209611,-177.79217417,1,0,0,1296,0,0,0,-7.927599928,100,-4.447242357,520
OPG-Z,0.0358,1,90,90,90,6.8976,4.8631,10,0.4293,2.6,0.0658,12,12,1.5262,3,1.4297,0.0009,0.0305,-0.0594,0,3.15,6,4,mm2,122,236.4021,15.3754,1,0.0032,0.0015,0.0454633574093798,-107.14818347,1,0,0,1296,0,0,0,-2.147846479,100,-0.003290615,310
DBP,0.037,3,90,90,90,8.1474,8.6336,10,0.4521,2.76923076923077,0.0681,12.1826,12.2308,1.6949,3,1.426,0.0021,0.046,-0.0608,0.1489,3.2046,6,4,2/m,118,85.8283,9.2644,1,0.0032,0.0016,0.0511787932306803,-232.49029175,1,0,0,2401,2,5.71248311563708,0,-7.897061625,150,-6.257022248,740
BGD-REC,0.0137,2,90,90,90,15.0864,11.5754,10,0.1638,2.08695652173913,0.0261,11.9098,11.9167,5.7507,5,1.3479,0.0122,0.1105,-0.1268,0.0269,3.1408,2,1,1,166,660.7066,25.7042,1,0.0032,0.0013,0.0140296100857042,-195.59259661,1,0.000685992588807416,0,1296,3,2.38475436312892,0,-12.372293694,80,-5.193512918,470
azugraphene,0.0374,1,90,90,120,10.8376,10.8376,10,0.4483,2.76,0.0687,12,12,1.4751,4,1.4295,0.0015,0.0393,-0.0595,0,3.15,4,12,-6m2,119,47.0788,6.8614,1,0.0032,0.0016,0.0511221020837628,-346.56137162,1,0,0,1296,0,0,0,-3.114471026,50,1.022289488,260
InSe,0.0139,2,90,90,90,7.039,4.0781,10,1.3516,2.8,0.134,93.6598,97,2.3124,1,2.701,0,0.0006,0.0309,1.08,2.83,1,4,m,98,0.023,0.1516,2,0.9878,0.5074,0.0176357242168401,-13.04357022,1,1.33098865,0.4429,5764801,3,5.76282565917539,0,0,0,98.809947026,10
B2N2,0.0352,2,91,94,90,2.493,4.566,10,0.4406,2.625,0.0718,12.32,12.5,1.372,2,1.4662,0.0067,0.082,-0.0522,0.3595,3.3,1,2,-1,120,0.0164,0.1281,1,0.0032,0.0016,0.0446069052974833,-32.18901917,1,0,0,2401,2,5.76282565917539,0,-8.734270731,230,-8.233072829,1000
MoTe2,0.0278,2,90,90,60,3.5281,3.5281,10,3.2654,4.97297297297297,0.3462,115.2,117.3333,1.8403,2,2.967,0.1356,0.3683,-0.0028,0.4683,2.9167,8,12,-6m2,93,925.2645,30.4182,3,0.9931,0.5846,0.0690194683326221,-18.98258969,1,3.62106114,2.1853,7311616,6,5.29197879520307,0,0,0,24.598457328,10
squarographene,0.0373,1,90,90,90,3.6623,3.6623,10,0.4474,2.8,0.0685,12,12,1.249,2,1.5152,0.0037,0.0612,-0.0032,0,3.15,3,16,4/mmm,129,1141.243,33.7823,1,0.0032,0.0015,0.0521916683667019,-37.80173756,1,0,0,1296,0,0,0,-3.4738365,40,19.173473435,70
BC6N-Hex,0.0373,3,90,90,120,4.9774,4.9774,10,0.4521,2.71428571428571,0.0704,12.0784,12.125,1.3321,2,1.44,0.0006,0.0254,-0.0584,0.1462,3.1875,1,12,-6m2,120,0.7108,0.8431,1,0.0032,0.0016,0.0497166306763921,-70.19786347,1,0,0,2401,3,6.11596080715462,0,-8.745968123,150,-6.675880205,670
PAI-graphene,0.0371,1,90,90,90,8.9956,7.1915,10,0.4452,2.63829787234043,0.0682,12,12,1.583,1,1.4276,0.0005,0.0229,-0.0608,0,3.15,3,8,mmm,119,85.3305,9.2375,1,0.0032,0.0016,0.0483061232182756,-219.25516526,1,0,0,1296,0,0,0,-7.24440734,210,-6.651341336,1000
beta-β-C2As2,0.0478,2,90,90,60,3.1095,3.1095,10,2.078,2.86885245901639,0.2125,20.6897,43.5,0.8379,2,1.9375,0.0426,0.2063,0.0326,0,3.15,2,12,-3m,105,66.1234,8.1316,2,0.9793,0.607,0.0664304120910822,-25.95784773,2,1.70475556,1.7331,1185921,0,5.76282565917539,0,0,0,14.386127696,10
BC6N-Hex2,0.0373,3,90,90,120,4.9711,4.9778,10,0.4529,2.71428571428571,0.0705,12.0784,12.125,1.3132,3,1.4391,0.0009,0.0294,-0.0609,0.1334,3.1875,1,2,m,120,1.0566,1.0279,1,0.0032,0.0016,0.049798293478739,-71.30875795,1,0,0,2401,3,6.11596080715462,0,-8.917330227,210,-8.266724127,1000
Si2As2,0.0188,2,91,91,60,3.7326,3.7326,8.8112,0.9689,2.71428571428571,0.1203,40.7767,51.5,1.9955,1,2.3899,0,0,0.0391,0.33,2.985,1,2,m,103,0,0,2,0.9596,0.4846,0.0250850767855121,-9.44647193,1,1.23806779159095,0.2621,1185921,3,5.76282565917539,0,-12.425216047,40,11.977597983,120
net_W,0.0359,1,90,90,114,4.4346,5.487,10,0.4313,1.5,0.0661,12,12,1.2346,3,1.4429,0.0007,0.0268,-0.0507,0,3.15,3,1,1,126,113.3362,10.6459,1,0.0032,0.0016,0.0376285634982543,-71.28339593,2,0.000218036109728814,0,1296,0,0,0,-8.994768434,200,-8.305676285,1000
alpha-α-Si2Bi2,0.0275,2,90,90,60,4.0952,4.0952,10,3.2637,3,0.2659,49.384,118.5,2.1806,2,2.6293,0.0199,0.1411,0.04,0.1083,2.755,2,12,-6m2,104,71.5136,8.4566,2,0.9826,0.5894,0.0413123932258981,-18.75823569,1,4.8895596,3.6577,47458321,3,5.76282565917539,0,-5.379072411,40,7.522182504,120
Ge2As2,0.0157,2,90,90,60,3.8336,3.8336,10,1.1629,2.71428571428571,0.1123,73.9865,74,2.2017,1,2.4735,0,0,0.035,0.36,2.97,1,2,m,102,0,0,2,0.9679,0.4888,0.0209528058742953,-8.81238354,1,1.10440706,0.3049,1185921,3,5.76282565917539,0,0,0,164.370319992,10
alpha-α-Si2Sb2,0.0293,2,90,90,60,3.9733,3.9733,10,2.1942,3,0.2484,45.5467,75,2.0933,2,2.5562,0.0104,0.1018,0.042,0.1917,2.935,2,12,-6m2,104,65.1344,8.0706,2,0.9799,0.59,0.0438846519002074,-19.52870719,1,4.78321178,3.5376,6765201,3,5.76282565917539,0,-4.383096997,50,8.570573822,120
AlGD-REC,0.0121,2,90,90,90,16.2967,12.218,10,0.1597,2.08695652173913,0.0278,12.5825,13.25,6.036,4,1.4429,0.0695,0.2637,-0.1204,0.1543,3.0975,2,1,1,166,660.4361,25.699,1,0.0032,0.0013,0.0123045459773439,-188.66858405,1,0.0152117344700464,0,28561,3,2.38475436312892,0,-12.861647815,50,-3.065844573,440
C7N6,0.0326,2,90,90,60,6.7842,6.7842,10,0.4215,2.31372549019608,0.0549,12.8471,12.9231,1.7683,3,1.3759,0.0078,0.0885,-0.0707,0.3266,3.3392,5,2,m,124,300.7713,17.3428,1,0.0032,0.0015,0.0370055901316203,-109.99900494,2,0,0,2401,3,5.73820371042034,0,-1.379242224,100,2.258681089,220
beta-β-Pb2N2,0.0347,2,90,90,60,3.648,3.648,10,3.8352,5.19354838709677,0.2522,26.2262,110.5,1.1919,3,2.8982,0.4431,0.6657,0.1237,0.4642,3.09,7,12,-3m,101,924.3091,30.4025,4,1,0.5023,0.0878542142353119,-20.58692611,1,4.62574874,3.8561,45212176,3,5.76282565917539,0,0,0,43.774733592,10
WS2,0.0342,2,90,90,60,3.182,3.182,10,2.8283,4.97297297297297,0.3137,44.16,82.6667,1.71,2,2.6469,0.1233,0.3512,-0.0718,0.7129,3.1,8,12,-6m2,94,903.0757,30.0512,3,0.9931,0.5826,0.0848480672497147,-24.60118492,1,3.139594,1.6428,29986576,6,5.29197879520307,0,-0.231689565,20,15.836789005,40
InBi,0.0097,2,90,90,60,4.8862,4.8862,10,1.567,2.71428571428571,0.1237,148.3642,162,2.7169,1,2.821,0,0,-0.0272,0.4,2.49,1,12,-6m2,120,0,0,1,0.0032,0.0016,0.0128974515622937,-5.78749031,1,0,0,47458321,3,5.76282565917539,0,-7.056423513,20,22.141874251,40
Penta-graphene,0.0454,1,90,90,90,3.6338,3.6338,10,0.5453,2.7037037037037,0.0836,12,12,0.9015,2,1.5108,0.0064,0.0801,-0.0061,0,3.15,3,8,-42m,115,144.157,12.0065,4,0.9831,0.5662,0.061425202530186,-50.32206082,2,0.60595199,0.2448,1296,0,0,0,-2.44227712,150,-0.44076219,330
C3N4,0.0366,2,90,90,121,4.5969,4.6125,10.5024,0.4805,2.38095238095238,0.0601,13.0667,13.1429,1.7908,3,1.3234,0.0022,0.0472,-0.0998,0.41,3.3843,2,2,m,119,22.5733,4.7511,1,0.0032,0.0015,0.0537644197736059,-58.72381426,1,0,0,2401,3,5.67769798247972,0,0,0,18.423206819,10
alpha-α-Ge2N2,0.0483,2,90,90,60,3.0912,3.0912,10,2.1026,3,0.2112,23.4943,43.5,1.7648,2,2.0073,0.0536,0.2316,0.006,0.6417,3.175,1,12,-6m2,109,0.6028,0.7764,2,0.8845,0.5912,0.072504319492748,-25.64063506,1,3.85056024,2.6504,1048576,3,5.76282565917539,0,-0.454222011,60,7.855056408,110
NGY-HEX,0.0155,2,90,90,60,11.5714,11.5726,10,0.1966,2.22222222222222,0.0268,12.6,12.6667,5.1428,3,1.3589,0.0035,0.0596,-0.0879,0.246,3.2867,3,2,m,130,576.3513,24.0073,1,0.0032,0.0016,0.0172452214767623,-150.35310858,1,0,0,2401,2,5.29197879520307,0,-15.736681888,70,-5.638760263,1000
delta-gy,0.0259,1,90,90,120,9.4383,9.4383,10,0.3111,2.23076923076923,0.0477,12,12,2.2759,3,1.3554,0.0063,0.0794,-0.1083,0,3.15,2,4,mm2,150,899.4184,29.9903,1,0.0032,0.0015,0.028520148167769,-170.28694382,1,0,0,1296,0,0,0,-13.06757564,210,-12.260712168,1000
AlP,0.0151,2,90,90,60,3.9154,3.9154,10,0.4369,2.71428571428571,0.0945,28.8621,29,2.0923,1,2.2605,0,0,-0.0085,0.64,2.84,1,12,-6m2,120,0,0,1,0.0032,0.0016,0.0200858922278495,-9.49562339,1,0,0,50625,3,5.76282565917539,0,-15.608821293,100,-6.910919402,880
molybdenene,0.0126,1,90,90,90,4.02,3.96,10,1.2061,2.52777777777778,0.1922,96,96,1.96,3,2.5915,0.3838,0.6195,-0.1586,0,2.47,2,2,-1,126,75.2782,8.6763,2,0.339,0.1482,0.0158789526140492,-17.44719841,1,0.208261579999998,0.0108,3111696,0,0,0,-1.661157799,10,201.796754791,20
GY1,0.0292,1,90,90,120,6.8848,6.8848,10,0.3508,2.21739130434783,0.0538,12,12,2.1696,2,1.3696,0.0066,0.0815,-0.0989,0,3.15,2,24,6/mmm,146,883.2817,29.7201,1,0.0032,0.0015,0.031668715996649,-103.56047074,1,0,0,1296,0,0,0.0208333333333333,-8.950844533,190,-7.599488801,800
C9N4,0.0318,2,90,90,60,6.8653,6.8654,10,0.4018,2.31372549019608,0.0552,12.5517,12.6154,1.9307,4,1.3969,0.0101,0.1007,-0.0656,0.2154,3.2762,4,2,m,124,309.3837,17.5893,1,0.0032,0.0015,0.0361354192475988,-110.63311266,2,0,0,2401,1,5.13174807353806,0,-9.0243115,130,-6.1978047,1000
GaGD-REC,0.012,2,90,90,90,16.339,12.2538,10,0.2018,2.08695652173913,0.0278,12.89,16.8333,5.9077,4,1.4471,0.0743,0.2726,-0.1195,0.1763,3.09,2,1,1,166,661.7577,25.7247,1,0.0032,0.0013,0.01223683941191,-184.98449842,1,0.0032828211657705,0,923521,3,2.38475436312892,0,-9.920261814,40,0.174126474,300
beta-β-Sn2As2,0.0288,2,90,90,60,4.0029,4.0029,10,2.7961,2.86885245901639,0.2639,92.0103,97,1.2115,2,2.6702,0.0051,0.0714,0.0208,0.3855,2.915,2,12,-3m,104,78.6796,8.8702,2,0.9837,0.6058,0.0400861227210568,-18.27314063,2,2.680831685,4.5894,6250000,3,5.76282565917539,0,-9.335649523,40,4.714020732,130
C2Bi2,0.0169,2,90,90,60,3.6981,3.6981,10,1.866,5.11428571428571,0.1302,22.6968,110.5,1.9884,2,2.9545,0.4896,0.6997,0.1304,0.244,2.92,7,6,3m,106,1135.5705,33.6982,4,0.9063,0.3738,0.0424518247109173,-9.54187938,1,0.84460595,0.1783,47458321,3,5.76282565917539,0,0,0,72.276803149,10
c41,0.0359,1,90,90,90,5.7844,5.7844,10,0.4304,2.5,0.0659,12,12,1.3688,2,1.4273,0.0007,0.0261,-0.061,0,3.15,5,16,4/mmm,117,334.5911,18.2918,1,0.0032,0.0015,0.0448302269406178,-106.29692078,1,0,0,1296,0,0,0,-5.964656377,180,-4.896912971,690
6,0.0342,1,90,90,120,11.036,11.0361,10,0.411,2.53521126760563,0.063,12,12,5.4721,3,1.4173,0.0019,0.0439,-0.0675,0,3.15,4,4,mm2,123,85.2914,9.2353,1,0.0032,0.0016,0.0428112541632117,-314.27201786,3,0,0,1296,0,0,0,-2.890683404,80,1.730455485,240
InSb,0.0102,2,90,90,60,4.7507,4.7507,10,1.2126,2.71428571428571,0.1189,118.3966,118.5,2.7041,1,2.7428,0,0,-0.0239,0.76,2.67,1,12,-6m2,120,0,0,1,0.0032,0.0016,0.0136435403220548,-6.23692777,1,0,0,6765201,3,5.76282565917539,0,0,0,92.708699782,10
As2Se3,0.0186,2,90,90,90,12.0903,10,4.438,1.4425,2.28888888888889,0.1336,77.3499,77.4,1.914,2,2.4447,0.0005,0.0213,0.0229,0.22,3.282,4,4,mm2,98,32.0533,5.6616,4,0.9699,0.6532,0.0205007013031323,-42.1909554,1,2.90511998,1.0561,1336336,3,5.59541899951496,0,-7.007549,20,17.973723832,70
C8N2,0.0377,2,90,90,114,5.9388,4.8763,10,0.4675,2.77011494252874,0.0668,12.3529,12.4,1.6288,1,1.4066,0.0002,0.0143,-0.0624,0.16,3.232,6,2,m,115,78.3063,8.8491,1,0.0032,0.0016,0.0515268720774088,-89.01405747,1,0,0,2401,2,4.16034574929649,0,-6.208594038,180,-5.102112541,640
GaGY-HEX,0.012,2,90,90,60,8.7892,8.7892,10,0.3169,2.08333333333333,0.0392,15.1351,26.5,4.3676,2,1.7284,0.0968,0.3111,-0.0744,0.5184,2.97,2,4,mm2,152,894.6746,29.9111,0,0,0,0.0124564458246787,-52.49833545,1,0,0,923521,3,4.67525439236077,0,-3.511244589,10,14.794753903,30
beta-β-Si2As2,0.0341,2,90,90,60,3.6811,3.6811,10,1.7554,2.86885245901639,0.2179,40.7767,51.5,1.1243,2,2.3745,0.0009,0.0297,0.0389,0.2707,2.985,2,12,-3m,105,52.5918,7.252,2,0.973,0.6082,0.0474010215159431,-21.30171264,2,2.24546486,3.1887,1185921,3,5.76282565917539,0,-2.666285783,60,9.424243844,120
c18n8,0.0323,2,90,90,60,9.6344,9.6344,10,0.408,2.61538461538462,0.0561,12.5517,12.6154,2.6687,4,1.3917,0.0018,0.0427,-0.0683,0.2171,3.2762,1,12,-6m2,120,6.882,2.6233,1,0.0032,0.0015,0.0422964228209118,-227.72223794,1,0,0,2401,1,5.13174807353806,0,-8.453418712,190,-7.261874747,790
Pb2Sb2,0.0122,2,90,90,60,4.3459,4.3459,10,2.0113,2.71428571428571,0.1485,153.5198,164.5,2.4756,1,2.9361,0,0,0.0302,0.43,2.835,1,2,m,95,0,0,2,0.9944,0.5021,0.0163024729310709,-7.31713248,1,1.52463207,0.5811,45212176,3,5.76282565917539,0,0,0,109.896091777,10
TPHHO-graphene,0.0358,1,90,90,90,3.9502,7.0634,10,0.4301,2.8169014084507,0.0659,12,12,1.6505,4,1.4377,0.0026,0.0505,-0.0541,0,3.15,7,2,m,121,301.0244,17.3501,1,0.0032,0.0015,0.0477871427654696,-87.36237824,1,0,0,1296,0,0,0,-0.223129699,10,16.442019294,20
Pha,0.0372,1,90,90,90,8.0997,6.64,10,0.4462,2.62025316455696,0.0684,12,12,1.48,3,1.4256,0.0016,0.0401,-0.0621,0,3.15,4,8,mmm,122,55.5499,7.4532,1,0.0032,0.0016,0.048343465012384,-181.6528354,1,0,0,1296,0,0,0,-7.994465397,80,-3.829223007,490
lambda-GY,0.0277,1,90,90,90,6.8978,9.4271,10,0.3322,2.22222222222222,0.0509,12,12,2.1955,2,1.3645,0.0066,0.0813,-0.1023,0,3.15,2,8,mmm,145,871.4406,29.5202,1,0.0032,0.0016,0.0307569909249361,-154.00800931,1,0,0,1296,0,0,0.0138888888888889,-16.018635935,230,-15.395569547,1000
beta-GY,0.0232,1,90,90,60,9.4722,9.4722,10,0.278,2,0.0426,12,12,7.344,3,1.3435,0.0067,0.0821,-0.1161,0,3.15,2,24,6/mmm,153,891.7075,29.8615,1,0.0032,0.0016,0.0231662792066263,-151.4806782,3,0,0,1296,0,0,0,-7.984654554,260,-7.84637486,930
CaP3,0.0251,2,88,94,78,5.7214,5.7214,10,0.8341,4.61111111111111,0.2398,32.8477,33.25,1.5642,8,2.7659,0.1768,0.4205,0.0563,0.5957,2.92,14,1,1,100,1524.3339,39.0427,1,0.9999,0.5406,0.0578381546728029,-40.68327186,1,2.92780239,1.2917,160000,7,4.67525439236077,0,-1.252101132,10,36.256400019,30
beta-β-C2P2,0.0552,2,90,90,60,2.8936,2.8936,10,1.186,2.86885245901639,0.1922,17.3023,21.5,0.7745,2,1.8177,0.0186,0.1364,0.0239,0.0082,3.155,2,12,-3m,105,55.5874,7.4557,2,0.9747,0.6079,0.0767107299417011,-28.31229779,2,1.62884175,1.6178,50625,3,5.76282565917539,0,-2.09690615,30,12.422393435,90
alpha-α-Sn2P2,0.0306,2,90,90,60,3.8864,3.8864,10,2.2935,3,0.2505,49.1867,75,2.1455,2,2.5894,0.0131,0.1146,0.0304,0.4,2.92,2,12,-6m2,104,60.6745,7.7894,2,0.9781,0.5905,0.0458703554727925,-19.31653887,1,5.21831288,4.4161,6250000,3,5.76282565917539,0,-8.301508078,60,5.999097273,160
alpha-α-Pb2P2,0.028,2,90,90,60,4.0584,4.0584,10,3.3371,3,0.2547,53.9244,119,2.2336,2,2.706,0.0165,0.1285,0.0432,0.45,2.89,2,12,-6m2,104,59.3412,7.7033,2,0.9776,0.5906,0.042064241302239,-17.54534866,1,5.46296382,4.8505,45212176,3,5.76282565917539,0,-9.767919524,40,9.069175397,130
BC3,0.0345,2,90,90,60,5.175,5.175,10,0.4053,2.71428571428571,0.0698,11.7333,11.75,1.325,2,1.5029,0.0051,0.0714,-0.0437,0.0619,3.1225,1,24,6/mmm,120,0.0144,0.1201,1,0.0032,0.0016,0.045991468090109,-67.71986447,1,0,0,1296,3,4.67525439236077,0,-9.259483785,190,-7.882309382,720
BGD-HEX,0.0115,2,90,90,60,11.8457,11.8457,10,0.1366,2,0.0224,11.8462,11.8571,5.6914,3,1.3694,0.0166,0.129,-0.1229,0.0471,3.1343,2,2,m,163,738.2332,27.1704,0,0,0,0.01152066800851,-112.21343317,1,7.85337306297151E-08,0,1296,3,3.40970707024983,0,-12.219191443,50,-2.364462307,400
c10n9,0.0228,2,90,90,60,9.4368,9.4367,10.8077,0.2951,2.42105263157895,0.0382,12.871,12.9474,3.2734,3,1.3661,0.0024,0.0493,-0.0778,0.3209,3.3442,2,2,m,120,16.9845,4.1212,1,0.0032,0.0015,0.0298229857606958,-161.66780551,1,0,0,2401,2,5.751305101459,0,-4.613577802,60,5.175947829,180
THD-graphene,0.0303,1,90,90,120,6.7635,6.7635,10,0.3635,2.43478260869565,0.0557,12,12,3.527,2,1.429,0.0029,0.0541,-0.0599,0,3.15,3,24,6/mmm,123,429.0284,20.713,1,0.0032,0.0015,0.0359699098685215,-103.58673819,2,0,0,1296,0,0,0,-9.26233606,180,-8.115441307,1000
black-P,0.0264,1,90,90,90,3.3225,4.5541,10,0.8195,2.67741935483871,0.1357,31,31,1.4901,2,2.2327,0.0001,0.0119,0.0433,0,3.16,2,4,2/m,100,12.3108,3.5087,3,0.9834,0.5887,0.0346964356942391,-21.98025862,1,2.10313484,1.1058,50625,0,0,0,-4.317947216,60,11.935390943,130
IGP-P-S,0.0173,1,90,90,120,8.9409,8.9412,10,0.5373,2.66666666666667,0.0889,31,31,3.4821,1,2.2682,0.0001,0.0084,0.0599,0,3.16,3,1,1,92,187.3161,13.6863,4,0.9991,0.66,0.023110680896616,-63.45955128,1,1.25001824442178,0.3906,50625,0,0,0,-9.183901347,70,3.90855181,220
AsGD-REC,0.0175,2,90,90,90,9.0955,17.5495,10,0.3684,2.23809523809524,0.0453,13.6364,21,3.1909,5,1.4661,0.0624,0.2499,-0.0999,0,3.15,5,2,m,148,1065.4239,32.6408,1,0.0032,0.0017,0.0187945324428431,-217.10232115,1,0,0,1185921,0,3.40970707024983,0,-7.950141331,20,8.959852794,110
Si2Sb2,0.0142,2,90,90,60,4.033,4.033,10,1.0649,2.71428571428571,0.1205,45.5467,75,3.1981,1,2.5979,0,0,0.0392,0.23,2.935,1,2,m,102,0,0,2,0.9662,0.4879,0.0189312491091412,-8.61840338,1,1.15206161,0.3318,6765201,3,5.76282565917539,0,0,0,47.665474472,10
BBi,0.0154,2,90,90,60,3.875,3.875,10,1.6918,2.71428571428571,0.1242,20.9,110,2.0501,1,2.2372,0,0,-0.0398,0.35,2.865,1,12,-6m2,120,0,0,1,0.0032,0.0016,0.0205064357497197,-8.3849072,1,0,0,47458321,3,5.76282565917539,0,0,0,54.261229095,10
beta-β-Sn2P2,0.0305,2,90,90,60,3.8932,3.8932,10,2.2855,3.06451612903226,0.2496,49.1867,75,1.1727,2,2.5894,0.0124,0.1113,0.0305,0.4,2.92,2,12,-3m,105,58.6508,7.6584,2,0.9773,0.6016,0.0457101860970391,-19.26325068,1,5.20244788,4.3902,6250000,3,5.76282565917539,0,-7.420965979,50,8.184467131,140
6.6.6-GY,0.0292,1,90,90,90,6.8844,11.9243,10,0.3508,2.39473684210526,0.0538,12,12,1.9689,2,1.3762,0.006,0.0777,-0.0946,0,3.15,2,16,mmm,141,823.1368,28.6904,1,0.0032,0.0016,0.0334989151492819,-207.04368869,1,0,0,1296,0,0,0,-10.809669597,210,-9.881993317,1000
AlGD-HEX,0.0093,2,90,90,60,13.1815,13.1814,10,0.1316,2,0.0245,13.0345,14.1429,6.3628,3,1.5342,0.0984,0.3137,-0.1126,0.27,3.06,2,2,m,163,736.9512,27.1468,0,0,0,0.00930421485831459,-105.42566885,1,8.10781924265314E-07,0,28561,3,3.40970707024983,0,-15.337266135,50,-1.256258581,940
3,0.0361,1,90,90,120,10.736,10.736,10,0.4328,2.57746478873239,0.0663,12,12,5.4719,2,1.4168,0.0006,0.0248,-0.0679,0,3.15,1,4,2/m,120,4.9352,2.2215,1,0.0032,0.0016,0.0460838051234033,-318.85864143,1,0,0,1296,0,0,0,0,0,20.679880275,10
NGD-REC,0.019,2,90,90,90,9.0205,16.3102,10,0.2338,2.23255813953488,0.0341,12.25,12.2857,3.2409,4,1.34,0.0056,0.0745,-0.1114,0.0957,3.2086,3,8,mm2,148,832.2228,28.8483,1,0.0032,0.0017,0.020390784291565,-234.71548655,1,0,0,2401,1,3.40970707024983,0,-7.199439708,80,-3.127657711,480
